{
  "dungeons_arise:wda_root": {
    "criteria": {
      "WDA": "2024-08-05 16:04:32 +0000"
    },
    "done": true
  },
  "byg:root": {
    "criteria": {
      "tick": "2024-08-05 16:04:32 +0000"
    },
    "done": true
  },
  "farmersdelight:main/root": {
    "criteria": {
      "seeds": "2024-08-05 16:04:31 +0000"
    },
    "done": true
  },
  "kawaiidishes:kawaiidishes/root": {
    "criteria": {
      "tick": "2024-08-05 16:04:32 +0000"
    },
    "done": true
  },
  "tombstone:adventure/root": {
    "criteria": {
      "auto": "2024-08-05 16:04:34 +0000"
    },
    "done": true
  },
  "lootr:root": {
    "criteria": {
      "always_true": "2024-08-05 16:04:32 +0000"
    },
    "done": true
  },
  "minecraft:adventure/adventuring_time": {
    "criteria": {
      "minecraft:snowy_taiga": "2024-08-05 16:04:34 +0000"
    },
    "done": false
  },
  "DataVersion": 3120
}